Part Number,Part Name,Image File
7K-1181,387.00mm Length Cable Strap,7K-1181.jpg
153-5710,12V Heavy Duty Maintenance-Free Battery,153-5710.jpg
3S-2093,202mm long Cable Strap,3S-2093.jpg
153-5720,Heavy Duty Battery,153-5720.jpg
115-2422,12V Heavy Duty Maintenance-Free Battery,115-2422.jpg
230-6368,12V 65 BCI Battery,230-6368.jpg
9X-3402,Connector Socket,9X-3402.jpg
6K-0806,Zip Tie,6K-0806.jpg
9X-3404,12V Heavy Duty Maintenance-Free Battery,9X-3404.jpg
539-0118,Sensor Assembly,539-0118.jpg
539-0117,Sensor Assembly,539-0117.jpg
3T-5760,12V 31 BCI Wet Battery,3T-5760.jpg
126-1768,Connector Socket,126-1768.jpg
9X-3401,13 Ampere Connector Pin,9X-3401.jpg
126-1767,3.30mm Outer Diameter Connector Pin,126-1767.jpg
153-5700,12V Heavy Duty Maintenance-Free Battery,153-5700.jpg
336-6684,24 Volt Color Camera,336-6684.jpg
11R-2194,Cat® New with Core (NWC) Gp31 HD Battery USA Only,11R-2194.jpg
415-2432,Te Sensor Group,415-2432.jpg
241-8368,Switch Assembly,241-8368.jpg
550-3269,Electronic Control,550-3269.jpg
8T-8730,Connector Socket,8T-8730.jpg
525-1929,Variable Frequency Pressure Sensor,525-1929.jpg
256-6453,2 Pin Passive Temperature sensor,256-6453.jpg
11R-2197,Cat® New with Core (NWC) Gp4D HD Battery USA Only,11R-2197.jpg
10R-9815,Cat® Reman Electric Starting Motor,10R-9815.jpg
338-3454,Electric Starting Motor,338-3454.jpg
204-2281,370.00mm Length Black Plastic Cable Strap,204-2281.jpg
397-9953,12 Volt Charging Alternator,397-9953.jpg
441-0314,Lamp Assembly (LED Flood),441-0314.jpg
467-8535,Key Start Switch,467-8535.jpg
8T-8737,16mm Long Plug Seal,8T-8737.jpg
7N-0718,24 Volt Battery Disconnect Switch,7N-0718.jpg
274-6719,3-Pin Heavy-Duty 1135kPa Pressure Sensor,274-6719.jpg
178-3620,488mm Long Cable Dual Strap,178-3620.jpg
264-4297,Low Temperature Sensor,264-4297.jpg
175-4390,12V 31 BCI Battery,175-4390.jpg
194-6725,1135kPa Steel Pressure Sensor,194-6725.jpg
561-3002,24 Volts Alternator,561-3002.jpg
8T-8729,3.30mm Outer Diameter Brass Connector Pin,8T-8729.jpg
320-3060,Pressure Sensor,320-3060.jpg
438-5682,108 Volt Ignition Transformer,438-5682.jpg
149-6371,Compressor Clutch Pressure Switch,149-6371.jpg
153-5656,12V Heavy Duty Maintenance-Free Battery,153-5656.jpg
383-2989,Temperature Sensor,383-2989.jpg
320-3061,600 Kilo Pascal Rated Pressure Sensor,320-3061.jpg
347-1668,Rear View Camera,347-1668.jpg
351-9918,H3 70W Glass Halogen Lamp,351-9918.jpg
256-6454,2 Pin Passive Stainless Steel Temperature Sensor,256-6454.jpg
134-2252,Temperature Sensor,134-2252.jpg
9G-7641,Instrument Panels Start Switch,9G-7641.jpg
584-5631,"8"" Electronic Touchscreen Display",584-5631.jpg
9W-0844,Connector Socket,9W-0844.jpg
566-9549,24 Volts Alternator,566-9549.jpg
11R-2201,Cat® New with Core (NWC) Gp65 HD Battery USA Only,11R-2201.jpg
461-6519,TACHOMETER G,461-6519.jpg
20R-1312,Cat® Reman Electric Starting Motor,20R-1312.jpg
394-1125,G3516 Ultra Lean Burn CSA Engine Wiring Harness,394-1125.jpg
213-9100,112 Decibel Backup Alarm,213-9100.jpg
539-6653,Rotary Position Sensor,539-6653.jpg
3E-5239,24 Volts Connector Plug Relay,3E-5239.jpg
555-5510,Electronic Control,555-5510.jpg
418-4862,108 Volt Ignition Transformer,418-4862.jpg
314-7755,Digital Voltage Regulator,314-7755.jpg
421-7193,24 Volts Alternator,421-7193.jpg
10R-5644,Cat® Reman Electronic Control Module (ECM),10R-5644.jpg
11R-2198,Cat® New with Core (NWC) Gp8D HD Battery USA Only,11R-2198.jpg
318-1181,Magnetic Speed Sensor,318-1181.jpg
607-2611,24V Engine Electronic Control Module,607-2611.jpg
344-7391,35.5 MPa Pressure Sensor,344-7391.jpg
589-0437,Lamp Group-Flood,589-0437.jpg
601-2214,Compact Square LED Work/Flood Light,601-2214.jpg
595-4338,Temperature Sensor,595-4338.jpg
355-3148,Refrigerant Pressure Switch,355-3148.jpg
9W-0852,14 AWG Connector Pin,9W-0852.jpg
320-3063,M12x1.5 Thread Pressure Sensor,320-3063.jpg
611-7548,4-Button Left Hand Joystick Grip,611-7548.jpg
161-9926,3-Pin Heavy-Duty 116kPa Pressure Sensor,161-9926.jpg
161-1705,1135kPa 3-Pin Brass Pressure Sensor,161-1705.jpg
10R-0400,Cat® Reman Electric Starter Motor,10R-0400.jpg
262-3764,Dual Hall Speed Sensor,262-3764.jpg
423-6434,Fuel (Water) Level Sensor Group,423-6434.jpg
8H-5306,2.4mm Thick Switch Key,8H-5306.jpg
371-2241,24V Beacon Warning Lamp,371-2241.jpg
322-8568,Steering Control Horn Button,322-8568.jpg
589-7781,Radio Communication Wiring Harness,589-7781.jpg
437-0125,24 Volts Alternator,437-0125.jpg
635-8205,2 Pin Horn Switch Push Button,635-8205.jpg
338-1462,18 to 32 Volts Direct Current Position Sensor,338-1462.jpg
10R-8105,Cat® Reman Electronic Control Module (ECM),10R-8105.jpg
238-0120,24V Plastic Hall Effect Active Speed Sensor,238-0120.jpg
221-3405,35500 Kpa Gage Pressure Range High Pressure Sensor,221-3405.jpg
9W-0607,H1 55W Glass Bulb,9W-0607.jpg
548-4927,Temperature Sensor,548-4927.jpg
159-3219,Combustion Sensor,159-3219.jpg
114-5333,Refrigerant Pressure Switch,114-5333.jpg
592-3073,Thermocouple Temperature Sensor,592-3073.jpg
515-7156,Radio Communication Wiring,515-7156.jpg
370-4617,4 Meter Length Programming Cable,370-4617.jpg
452-6806,Grid Element Untapped Power Resistor,452-6806.jpg
382-9606,Air Starting Motor,382-9606.jpg
383-2990,Thermocouple Temperature Sensor,383-2990.jpg
207-1556,Electric Starting Motor,207-1556.jpg
115-1615,12 Volts Connector Plug Relay,115-1615.jpg
118-7226,Temperature Sensor,118-7226.jpg
596-8458,"5/8"" Combustion Sensor Connector",596-8458.jpg
388-1307,Gas Pressure Control Sensor,388-1307.jpg
391-7125,Bypass Filter Switch,391-7125.jpg
344-7392,500 Hz Pulse Width Modulation Pressure Sensor,344-7392.jpg
597-1955,Controller Group,597-1955.jpg
450-4950,LED Work Light (Flood),450-4950.jpg
7C-3372,12 Pinion Teeth Air Starting Motor,7C-3372.jpg
